run_key,runname,stale_mirror,frames,good,bad,bad_pct,phantom_input_png,no_convergence,sigma_railed_to_bound,fwhm_over_max,fwhm_under_min,nonfinite_centroid,unclassified,kept_but_truth_would_drop,image_shape,multipeak_pct_of_good,median_peaks_x_good
bridgetstatic,bridgetstatic,True,6743,293,6450,95.65,0,0,648,5802,0,0,0,18,1944x2592,100.0,4.0
longweekend,longweekend,True,6970,3556,3414,48.98,0,0,2963,451,0,0,0,1308,1200x1600,71.9,24.0
newsecondary,newsecondary,True,3999,1124,2875,71.89,0,0,2424,451,0,0,0,103,1944x2592,96.4,1.0
fansoff,fansoff,True,3991,1800,2191,54.9,0,0,1505,686,0,0,0,304,1920x2560,84.5,1.0
laserweekend,laserweekend,True,3995,3007,988,24.73,0,0,668,320,0,0,0,37,1920x2560,17.4,1.0
zoeysecondary,zoeysecondary,True,10156,9350,806,7.94,0,0,685,121,0,0,0,639,1024x1280,15.8,1.0
overnight,overnight,True,1090,353,737,67.61,0,0,729,8,0,0,0,2,1920x2560,38.5,1.0
allmetal,allmetal,True,3922,3273,649,16.55,0,0,629,20,0,0,0,85,1024x1280,96.9,1.0
statictest,statictest,True,5660,5593,67,1.18,0,0,64,3,0,0,0,22,1080x1920,1.2,1.0
hotandcold,hotandcold,True,15806,15789,17,0.11,0,0,17,0,0,0,0,3,1080x1920,50.4,1.0
warming,warming,True,79,66,13,16.46,3,0,10,0,0,0,0,4,1024x1280,84.8,1.0
springbreak,springbreak,True,14174,14166,8,0.06,0,0,8,0,0,0,0,1,1080x1920,26.7,1.0
secondarylaser,secondarylaser,True,2572,2568,4,0.16,0,0,4,0,0,0,0,0,1080x1920,16.9,1.0
night_accel,night_accel,True,251,248,3,1.2,3,0,0,0,0,0,0,0,480x640,0.0,1.0
overnightvideo,overnightvideo,True,1376,1373,3,0.22,3,0,0,0,0,0,0,137,480x640,97.9,1.0
morning25,morning25,True,11523,11520,3,0.03,3,0,0,0,0,0,0,0,480x640,0.0,1.0
morning_c5237,morning_c5237,True,8055,8052,3,0.04,3,0,0,0,0,0,0,0,480x640,0.0,1.0
weekenddrift,weekenddrift,True,1045,1042,3,0.29,3,0,0,0,0,0,0,0,480x640,0.0,1.0
dotrefound,dotrefound,True,4061,4058,3,0.07,3,0,0,0,0,0,0,0,480x640,0.1,1.0
fanoff,fanoff,True,9252,9249,3,0.03,3,0,0,0,0,0,0,0,480x640,0.1,1.0
fan_restart5237,fan_restart5237,True,6235,6232,3,0.05,3,0,0,0,0,0,0,0,480x640,0.0,1.0
fanoff5237,fanoff5237,True,9132,9129,3,0.03,3,0,0,0,0,0,0,0,480x640,0.0,1.0
stability,stability,True,4482,4479,3,0.07,3,0,0,0,0,0,0,1,480x640,0.1,1.0
longrun,longrun,True,16824,16821,3,0.02,3,0,0,0,0,0,0,0,480x640,0.8,1.0
laserday,laserday,True,75,72,3,4.0,3,0,0,0,0,0,0,0,1920x2560,100.0,7.0
laserdaytest,laserdaytest,True,1118,1115,3,0.27,3,0,0,0,0,0,0,1115,1920x2560,100.0,6.0
installed_accel_nofan,installed_accel_nofan,True,5814,5811,3,0.05,3,0,0,0,0,0,0,0,480x640,0.0,1.0
installed_accel,installed_accel,True,8919,8916,3,0.03,3,0,0,0,0,0,0,0,480x640,0.0,1.0
morningsecondly,morningsecondly,True,10002,9999,3,0.03,3,0,0,0,0,0,0,7,480x640,0.7,1.0
morning_nofan5237,morning_nofan5237,True,5173,5170,3,0.06,3,0,0,0,0,0,0,0,480x640,0.0,1.0
morning5237,morning5237,True,6426,6423,3,0.05,3,0,0,0,0,0,0,0,480x640,0.0,1.0
minutelyovernight,minutelyovernight,True,2493,2490,3,0.12,3,0,0,0,0,0,0,276,480x640,37.4,1.0
minutely,minutely,True,1563,1560,3,0.19,3,0,0,0,0,0,0,116,480x640,16.7,1.0
minuteSecondly,minuteSecondly,True,64,61,3,4.69,3,0,0,0,0,0,0,0,480x640,0.0,1.0
noon5237,noon5237,True,8367,8364,3,0.04,3,0,0,0,0,0,0,0,480x640,0.0,1.0
noondrift,noondrift,True,269,266,3,1.12,3,0,0,0,0,0,0,0,480x640,0.0,1.0
nightvideo,nightvideo,True,9009,9006,3,0.03,3,0,0,0,0,0,0,868,480x640,99.9,1.0
lasernighttest,lasernighttest,True,1133,1130,3,0.26,3,0,0,0,0,0,0,0,1920x2560,100.0,9.0
lasernight,lasernight,True,1042,1039,3,0.29,3,0,0,0,0,0,0,0,1920x2560,100.0,8.0
maxtest1,maxtest1,True,103,100,3,2.91,3,0,0,0,0,0,0,0,480x640,0.0,1.0
maxtest2,maxtest2,True,290,287,3,1.03,3,0,0,0,0,0,0,0,480x640,0.0,1.0
20251023_nightdriftB,nightdriftB,False,1259,1259,0,0.0,0,0,0,0,0,0,0,0,480x640,0.0,1.0
20251023_nightdrift,nightdrift,False,9,9,0,0.0,0,0,0,0,0,0,0,0,480x640,0.0,1.0
PostNate,PostNate,True,1187,1187,0,0.0,0,0,0,0,0,0,0,0,480x640,0.0,1.0
bigshakeB,bigshakeB,True,3542,3542,0,0.0,0,0,0,0,0,0,0,0,480x640,0.0,1.0
bigshakeA,bigshakeA,True,9373,9373,0,0.0,0,0,0,0,0,0,0,0,480x640,0.0,1.0
bridgetstaticgenie,bridgetstaticgenie,True,5959,5959,0,0.0,0,0,0,0,0,0,0,9,1216x1936,100.0,1.0
newcomp,newcomp,True,9577,9577,0,0.0,0,0,0,0,0,0,0,0,480x640,0.0,1.0
newprimaryagain,newprimaryagain,True,7163,7163,0,0.0,0,0,0,0,0,0,0,0,1216x1936,4.2,1.0
newprimary,newprimary,True,8244,8244,0,0.0,0,0,0,0,0,0,0,0,1216x1936,6.5,1.0
lasermirror,lasermirror,True,2726,2726,0,0.0,0,0,0,0,0,0,0,0,1920x2560,100.0,9.0
lasersimultaneous,lasersimultaneous,True,994,994,0,0.0,0,0,0,0,0,0,0,0,1920x2560,100.0,8.0
laser,laser,True,5063,5063,0,0.0,0,0,0,0,0,0,0,4124,480x640,76.6,1.0
genieshots,genieshots,True,2550,2550,0,0.0,0,0,0,0,0,0,0,2550,1216x1936,100.0,2.0
frosty,frosty,True,6865,6865,0,0.0,0,0,0,0,0,0,0,0,1920x2560,100.0,8.0
morewarming,morewarming,True,3083,3083,0,0.0,0,0,0,0,0,0,0,0,1024x1280,11.2,1.0
minutely2,minutely2,True,1176,1176,0,0.0,0,0,0,0,0,0,0,21,480x640,4.7,1.0
lowhumidity,lowhumidity,True,7156,7156,0,0.0,0,0,0,0,0,0,0,0,1920x2560,100.0,9.0
night5237,night5237,True,9425,9425,0,0.0,0,0,0,0,0,0,0,0,480x640,0.0,1.0
postspie,postspie,True,5757,5757,0,0.0,0,0,0,0,0,0,0,0,960x1280,0.0,1.0
replacedprimary,replacedprimary,True,5711,5711,0,0.0,0,0,0,0,0,0,0,0,1024x1280,0.0,1.0
realwinterbreak,realwinterbreak,True,18530,18530,0,0.0,0,0,0,0,0,0,0,0,1920x2560,100.0,7.0
pumpsoff,pumpsoff,True,5600,5600,0,0.0,0,0,0,0,0,0,0,0,1920x2560,100.0,9.0
prethanksgiving,prethanksgiving,True,1083,1083,0,0.0,0,0,0,0,0,0,0,0,1080x1920,100.0,8.0
postspiegenie,postspiegenie,True,5742,5742,0,0.0,0,0,0,0,0,0,0,1,1216x1936,100.0,3.0
postwinterbreak,postwinterbreak,True,11069,11069,0,0.0,0,0,0,0,0,0,0,0,1920x2560,100.0,7.0
springgenie,springgenie,True,14150,14150,0,0.0,0,0,0,0,0,0,0,12920,1216x1936,100.0,2.0
snowday,snowday,True,2449,2449,0,0.0,0,0,0,0,0,0,0,0,1920x2560,100.0,8.0
statictestgenie,statictestgenie,True,5676,5676,0,0.0,0,0,0,0,0,0,0,1,1216x1936,100.0,1.0
stabilitytestB,stabilitytestB,True,3061,3061,0,0.0,0,0,0,0,0,0,0,0,480x640,0.0,1.0
stabilitytestA,stabilitytestA,True,3054,3054,0,0.0,0,0,0,0,0,0,0,0,480x640,0.0,1.0
thanksgiving,thanksgiving,True,8557,8557,0,0.0,0,0,0,0,0,0,0,0,1920x2560,100.0,8.0
weekend,weekend,True,3966,3966,0,0.0,0,0,0,0,0,0,0,822,480x640,98.7,1.0
zoeysecondarygenie,zoeysecondarygenie,True,10131,10131,0,0.0,0,0,0,0,0,0,0,0,1216x1936,100.0,1.0
zoeystatic,zoeystatic,True,7285,7285,0,0.0,0,0,0,0,0,0,0,0,1024x1280,0.0,1.0
zoeystaticgenie,zoeystaticgenie,True,7269,7269,0,0.0,0,0,0,0,0,0,0,0,1216x1936,100.0,1.0
