run_key,source_path,bytes,sha256_16
20250917__maxtest1,E:/Reverse Telescope Test Data\20250917\maxtest1_frames.csv,24518,96f2ab805b14b1ea
20250917__maxtest2,E:/Reverse Telescope Test Data\20250917\maxtest2_frames.csv,69673,1a1031681073f746
20250917__minuteSecondly,E:/Reverse Telescope Test Data\20250917\minuteSecondly_frames.csv,15835,f0143ed3dbc8ced9
20250917__morningsecondly,E:/Reverse Telescope Test Data\20250917\morningsecondly_frames.csv,2608609,44e1749fc0c926c3
20250918__fanoff,E:/Reverse Telescope Test Data\20250918\fanoff_frames.csv,2483511,9069b6f80adff24e
20250918__longrun,E:/Reverse Telescope Test Data\20250918\longrun_frames.csv,4538675,9ddeac421eb147c6
20250918__nightvideo,E:/Reverse Telescope Test Data\20250918\nightvideo_frames.csv,2143365,16ac83cb281498c2
20250918__overnightvideo,E:/Reverse Telescope Test Data\20250918\overnightvideo_frames.csv,356119,206a0294d9c12268
20250918__stability,E:/Reverse Telescope Test Data\20250918\stability_frames.csv,1085483,2f47b2655e66cc38
20250925__fanoff5237,E:/Reverse Telescope Test Data\20250925\fanoff5237_frames.csv,2345493,fd74b91787d56642
20250925__minutely,E:/Reverse Telescope Test Data\20250925\minutely_frames.csv,288743,828e759590a856e1
20250925__noon5237,E:/Reverse Telescope Test Data\20250925\noon5237_frames.csv,2342048,92337a5d2d6c7215
20250926__dotrefound,E:/Reverse Telescope Test Data\20250926\dotrefound_frames.csv,1031203,4ebe71ef91df588b
20250926__fanoff5237,E:/Reverse Telescope Test Data\20250926\fanoff5237_frames.csv,2280406,e5fd1acb43937b49
20250926__minutely,E:/Reverse Telescope Test Data\20250926\minutely_frames.csv,49949,f8ef0ba59e9417e0
20250926__morning5237,E:/Reverse Telescope Test Data\20250926\morning5237_frames.csv,2298730,67ae970eafc31ea2
20251014__minutelyovernight,E:/Reverse Telescope Test Data\20251014\minutelyovernight_frames.csv,632974,c2a1efa46d95fe52
20251016__minutely,E:/Reverse Telescope Test Data\20251016\minutely_frames.csv,285342,a71cb075403db49d
20251017__minutely,E:/Reverse Telescope Test Data\20251017\minutely_frames.csv,553468,f57ed25b7d674f5d
20251017__morning5237,E:/Reverse Telescope Test Data\20251017\morning5237_frames.csv,1537596,066e9383c7281e1c
20251020__minutely,E:/Reverse Telescope Test Data\20251020\minutely_frames.csv,397002,15ec5b2129005b7b
20251020__morning5237,E:/Reverse Telescope Test Data\20251020\morning5237_frames.csv,1045102,605c216f2db94238
20251020__morning_c5237,E:/Reverse Telescope Test Data\20251020\morning_c5237_frames.csv,2055697,05733dcb4499738e
20251022__fan_restart5237,E:/Reverse Telescope Test Data\20251022\fan_restart5237_frames.csv,1597121,056df00b25749995
20251022__installed_accel,E:/Reverse Telescope Test Data\20251022\installed_accel_frames.csv,2325318,d1ca5eaf550aaa5e
20251022__installed_accel_nofan,E:/Reverse Telescope Test Data\20251022\installed_accel_nofan_frames.csv,1549827,a91365359c7b2e5f
20251022__morning5237,E:/Reverse Telescope Test Data\20251022\morning5237_frames.csv,1620429,d22b6fc8bb639789
20251022__morning_nofan5237,E:/Reverse Telescope Test Data\20251022\morning_nofan5237_frames.csv,1335247,3b0c4739383f68d9
20251022__night_accel,E:/Reverse Telescope Test Data\20251022\night_accel_frames.csv,62133,cb1f6d8da4821285
20251023__morning25,E:/Reverse Telescope Test Data\20251023\morning25_frames.csv,2905954,db63d456d7815c5a
20251023__nightdriftB,E:/Reverse Telescope Test Data\20251023\nightdriftB_frames.csv,322505,40375e46bd2cb73d
20251023__nightdrift,E:/Reverse Telescope Test Data\20251023\nightdrift_frames.csv,2400,7b6f1ef37fc6b46b
20251023__noon5237,E:/Reverse Telescope Test Data\20251023\noon5237_frames.csv,2090266,82aa873d7af78150
20251023__noondrift,E:/Reverse Telescope Test Data\20251023\noondrift_frames.csv,67954,211c91c8cb30c2a9
20251024__weekenddrift,E:/Reverse Telescope Test Data\20251024\weekenddrift_frames.csv,267841,88ef80827c1d46a2
20251111__laserday,E:/Reverse Telescope Test Data\20251111\laserday_frames.csv,18608,4f2100b8c6277446
20251111__lasernight,E:/Reverse Telescope Test Data\20251111\lasernight_frames.csv,267298,e4eb7c3694595827
20251112__laserdaytest,E:/Reverse Telescope Test Data\20251112\laserdaytest_frames.csv,281898,c8a654b3458686a2
20251112__lasernighttest,E:/Reverse Telescope Test Data\20251112\lasernighttest_frames.csv,290551,81d0844c8ef9aa30
20260216__warming,E:/Reverse Telescope Test Data\20260216\warming_frames.csv,19318,a4ea0f1d2a219728
20250919_data__weekend,E:/Reverse Telescope Test Data\20250919_data\weekend\weekend_frames.csv,1007885,488b24e165f25a62
20250922_data__minutely,E:/Reverse Telescope Test Data\20250922_data\minutely\minutely_frames.csv,73038,9a13e5ce63fd8043
20250922_data__morning5237,E:/Reverse Telescope Test Data\20250922_data\morning5237\morning5237_frames.csv,2391328,de86e7452843b8a4
20250923_data__bigshakeA,E:/Reverse Telescope Test Data\20250923_data\bigshakeA\bigshakeA_frames.csv,2385670,15d1ecae99e9e644
20250923_data__bigshakeB,E:/Reverse Telescope Test Data\20250923_data\bigshakeB\bigshakeB_frames.csv,904382,caff41cec32cd03a
20250923_data__fanoff,E:/Reverse Telescope Test Data\20250923_data\fanoff\fanoff_frames.csv,2367807,4f489f7dcd21a22f
20250923_data__minutely2,E:/Reverse Telescope Test Data\20250923_data\minutely2\minutely2_frames.csv,298041,b797e95f022f90db
20250923_data__minutely,E:/Reverse Telescope Test Data\20250923_data\minutely\minutely_frames.csv,49483,6223983303423dd3
20250923_data__stabilitytestA,E:/Reverse Telescope Test Data\20250923_data\stabilitytestA\stabilitytestA_frames.csv,797643,13f7796031dcdc1c
20250923_data__stabilitytestB,E:/Reverse Telescope Test Data\20250923_data\stabilitytestB\stabilitytestB_frames.csv,798522,38b7a3e5a91e992b
20250924_data__PostNate,E:/Reverse Telescope Test Data\20250924_data\PostNate\PostNate_frames.csv,309957,fb0099f5ba7a5df1
20250929_data__fanoff5237,E:/Reverse Telescope Test Data\20250929_data\fanoff5237\fanoff5237_frames.csv,2278180,42670a2cd301aaa1
20250929_data__morning5237,E:/Reverse Telescope Test Data\20250929_data\morning5237\morning5237_frames.csv,2198307,d17aba3079bea4f1
20251027_data__night5237,E:/Reverse Telescope Test Data\20251027_data\night5237\night5237_frames.csv,2366962,cf8495f9052ec6ae
20251027_data__overnight,E:/Reverse Telescope Test Data\20251027_data\overnight\overnight_frames.csv,275797,432d46817e578342
20251029_data__longweekend,E:/Reverse Telescope Test Data\20251029_data\longweekend\longweekend_frames.csv,1815064,1f9a379bfa5bf263
20251029_data__newcomp,E:/Reverse Telescope Test Data\20251029_data\newcomp\newcomp_frames.csv,2422785,9c4e9ccd8be57f9f
20251105_data__overnight,E:/Reverse Telescope Test Data\20251105_data\overnight\overnight_frames.csv,279806,142cf5912520f766
20251106_data__laser,E:/Reverse Telescope Test Data\20251106_data\laser\laser_frames.csv,1286697,4a6aa8b96f521a8a
20251107_data__laserdaytest,E:/Reverse Telescope Test Data\20251107_data\laserdaytest\laserdaytest_frames.csv,53446,8cfd6a21cbc65914
20251107_data__laserweekend,E:/Reverse Telescope Test Data\20251107_data\laserweekend\laserweekend_frames.csv,1035943,0d0368dcd4cde8c5
20251114_data__fansoff,E:/Reverse Telescope Test Data\20251114_data\fansoff\fansoff_frames.csv,1016103,6ba353df79277d73
20251117_data__lasersimultaneous,E:/Reverse Telescope Test Data\20251117_data\lasersimultaneous\lasersimultaneous_frames.csv,262967,dc93fd721ed2dbf0
20251118_data__lasermirror,E:/Reverse Telescope Test Data\20251118_data\lasermirror\lasermirror_frames.csv,704173,85c1120c8194bfa1
20251120_data__pumpsoff,E:/Reverse Telescope Test Data\20251120_data\pumpsoff\pumpsoff_frames.csv,1432956,33496b63f7e42cd6
20251124_data__prethanksgiving,E:/Reverse Telescope Test Data\20251124_data\prethanksgiving\prethanksgiving_frames.csv,283933,1a73dbe4874e4c2e
20251125_data__thanksgiving,E:/Reverse Telescope Test Data\20251125_data\thanksgiving\thanksgiving_frames.csv,2228904,bfdb324bccb33543
20251201_data__snowday,E:/Reverse Telescope Test Data\20251201_data\snowday\snowday_frames.csv,624979,c6ef0f6958e3295d
20251205_data__lowhumidity,E:/Reverse Telescope Test Data\20251205_data\lowhumidity\lowhumidity_frames.csv,1856389,85e40cb2d68e62e8
20251210_data__frosty,E:/Reverse Telescope Test Data\20251210_data\frosty\frosty_frames.csv,1746623,b07e88a5da18eef0
20251217_data__warming,E:/Reverse Telescope Test Data\20251217_data\warming\warming_frames.csv,1322422,9726bce2d2a4af00
20251223_data__realwinterbreak,E:/Reverse Telescope Test Data\20251223_data\realwinterbreak\realwinterbreak_frames.csv,4883947,7fb4757f89ef5078
20260105_data__postwinterbreak,E:/Reverse Telescope Test Data\20260105_data\postwinterbreak\postwinterbreak_frames.csv,2909280,8b13c9603d9d4435
20260130_data__newsecondary,E:/Reverse Telescope Test Data\20260130_data\newsecondary\newsecondary_frames.csv,1040991,9ef700c5540a75ce
20260206_data__replacedprimary,E:/Reverse Telescope Test Data\20260206_data\replacedprimary\replacedprimary_frames.csv,1494218,989e18a71c4c45d1
20260213_data__allmetal,E:/Reverse Telescope Test Data\20260213_data\allmetal\allmetal_frames.csv,996183,762c8e616a25bf64
20260217_data__morewarming,E:/Reverse Telescope Test Data\20260217_data\morewarming\morewarming_frames.csv,790210,aedcb8e48f794a51
20260219_data__hotandcold,E:/Reverse Telescope Test Data\20260219_data\hotandcold\hotandcold_frames.csv,4045590,79e40f5a063ba2ab
20260302_data__genieshots,E:/Reverse Telescope Test Data\20260302_data\genieshots\genieshots_frames.csv,646465,c6930b99ef2103e5
20260302_data__secondarylaser,E:/Reverse Telescope Test Data\20260302_data\secondarylaser\secondarylaser_frames.csv,666348,650e8a25ecb8331e
20260306_data__springbreak,E:/Reverse Telescope Test Data\20260306_data\springbreak\springbreak_frames.csv,3651718,bf9c730448401ada
20260306_data__springgenie,E:/Reverse Telescope Test Data\20260306_data\springgenie\springgenie_frames.csv,3702529,cfdab9b4d79fcc6d
20260320_data__statictest,E:/Reverse Telescope Test Data\20260320_data\statictest\statictest_frames.csv,1453546,b9fefc6ccab222a7
20260320_data__statictestgenie,E:/Reverse Telescope Test Data\20260320_data\statictestgenie\statictestgenie_frames.csv,1500362,1009dbdfaa90f93c
20260415_data__zoeystatic,E:/Reverse Telescope Test Data\20260415_data\zoeystatic\zoeystatic_frames.csv,1872408,d0d180d18f6ecd28
20260415_data__zoeystaticgenie,E:/Reverse Telescope Test Data\20260415_data\zoeystaticgenie\zoeystaticgenie_frames.csv,1885957,bc598ecc71c5cad3
20260420_data__zoeysecondary,E:/Reverse Telescope Test Data\20260420_data\zoeysecondary\zoeysecondary_frames.csv,2648308,1dc67578de7e080a
20260420_data__zoeysecondarygenie,E:/Reverse Telescope Test Data\20260420_data\zoeysecondarygenie\zoeysecondarygenie_frames.csv,2697590,3e70784e9865f36f
20260529_data__newprimary,E:/Reverse Telescope Test Data\20260529_data\newprimary\newprimary_frames.csv,2134169,228f0b2dabe9e757
20260604_data__newprimaryagain,E:/Reverse Telescope Test Data\20260604_data\newprimaryagain\newprimaryagain_frames.csv,1890166,c8ac34e6219095b7
20260624_data__bridgetstatic,E:/Reverse Telescope Test Data\20260624_data\bridgetstatic\bridgetstatic_frames.csv,1765380,ee6a60df63e7fd67
20260624_data__bridgetstaticgenie,E:/Reverse Telescope Test Data\20260624_data\bridgetstaticgenie\bridgetstaticgenie_frames.csv,1588631,85717eb707b11e10
20260814__postspie,E:/Reverse Telescope Test Data\20260814\postspie\postspie_frames.csv,1447799,e565b6e3ed065529
20260814__postspiegenie,E:/Reverse Telescope Test Data\20260814\postspiegenie\postspiegenie_frames.csv,1496053,93b867fda52ed26a
20260814_data__postspie,E:/Reverse Telescope Test Data\20260814_data\postspie\postspie_frames.csv,1462024,23c11d2acd03e74c
20260814_data__postspiegenie,E:/Reverse Telescope Test Data\20260814_data\postspiegenie\postspiegenie_frames.csv,1509666,9422bbe474afcddf
