frame_num,filename,timestamp,mu_x,mu_y,sigma_x,sigma_y,fwhm_x,fwhm_y,amp_x,amp_y,offset_x,offset_y,fit_ok,n_peaks_x,n_peaks_y
-1,minutely_position_reprocess.png,2026-08-21 09:57:50,,,,,,,,,,,False,0,0
-1,minutely_FFT_reprocess.png,2026-08-21 09:57:52,,,,,,,,,,,False,0,0
-1,minutely_FWHM_reprocess.png,2026-08-21 09:57:50,,,,,,,,,,,False,0,0
1,minutely0001 25-09-26 10-30-27.bmp,2025-09-26 10:30:27,321.54922712998496,209.5399612713448,2.7411788936152583,4.01130067710416,6.454983005700971,9.445891241091095,853.4427417798518,616.9471568224966,6802.32014918215,9069.053531745285,True,1,1
2,minutely0002 25-09-26 10-31-27.bmp,2025-09-26 10:31:27,324.7565584130748,214.42779630287293,2.6524948338847705,5.2241174144372655,6.246148004172896,12.301856405112128,878.1089871843456,504.4846483176032,6806.140019808479,9073.253778491686,True,1,1
3,minutely0003 25-09-26 10-32-27.bmp,2025-09-26 10:32:27,325.414207455137,214.12716647877866,2.714067918559031,4.239834394505317,6.391141538198233,9.98404701979278,883.371736301714,553.2054122006549,6805.789502004076,9074.657718856037,True,1,1
4,minutely0004 25-09-26 10-33-27.bmp,2025-09-26 10:33:27,326.8482794982566,210.4729165307949,2.674439648061596,4.714680235864908,6.297824092480964,11.102223525325929,856.8842556052874,526.1136552707205,6805.666557833019,9073.236280641524,True,1,1
5,minutely0005 25-09-26 10-34-27.bmp,2025-09-26 10:34:27,325.034667348988,214.19346659936653,2.7388430074865395,4.772925454472221,6.449482414222154,11.239380533629639,891.1672250995014,541.5224655523298,6804.954537683013,9072.521359069788,True,1,1
6,minutely0006 25-09-26 10-35-27.bmp,2025-09-26 10:35:27,323.7805146488305,208.80499132151107,2.853825091184813,5.278747735067256,6.720244529734274,12.430500979198097,840.0596343633631,474.7191667441472,6805.707267701019,9073.709548413037,True,1,1
7,minutely0007 25-09-26 10-36-27.bmp,2025-09-26 10:36:27,324.3153179103233,213.26345104792387,2.923997121422052,4.108887048208133,6.8854870331374425,9.675689583888559,853.3695174532921,615.6811459252673,6804.506774629883,9072.495461063854,True,1,1
8,minutely0008 25-09-26 10-37-27.bmp,2025-09-26 10:37:27,324.9238925726318,214.35829496592697,2.5862570722639115,3.6564369813595587,6.090169995370116,8.610251097097944,903.1364188302673,650.8455838445353,6805.545563559044,9073.830805274816,True,1,1
9,minutely0009 25-09-26 10-38-27.bmp,2025-09-26 10:38:27,328.63605466431574,212.61669429070892,2.6458912516253967,6.504828224924026,6.230597756299511,15.317699893534185,875.94434160938,434.2097719559156,6811.682037935711,9079.596101568759,True,1,1
10,minutely0010 25-09-26 10-39-27.bmp,2025-09-26 10:39:27,324.53078026134295,210.1757377231223,2.538664121944763,3.535115736546386,5.9780971619564225,8.324561397923778,949.1156450677468,701.1344970898534,6802.883304178108,9070.150192142837,True,1,1
11,minutely0011 25-09-26 10-40-27.bmp,2025-09-26 10:40:27,326.6600584432981,217.4290989391858,2.5349199986661417,3.7101165219490575,5.969280425408858,8.736656755286148,945.1112374987649,667.6389279063385,6803.580729156949,9071.016741872838,True,1,1
12,minutely0012 25-09-26 10-41-27.bmp,2025-09-26 10:41:27,325.5972663735388,205.7359805266442,2.5191654632440676,5.9639271040238535,5.9321813295968076,14.04397509165875,928.6497351109779,427.66894035063666,6808.026465331701,9076.26589177097,True,1,1
13,minutely0013 25-09-26 10-42-27.bmp,2025-09-26 10:42:27,325.339106261334,206.54196901934426,2.6760311373604693,5.327342677923708,6.301571763383403,12.544933324723605,893.41534386969,499.21976963463266,6803.44239824295,9069.853302175317,True,1,1
14,minutely0014 25-09-26 10-43-27.bmp,2025-09-26 10:43:27,324.8703017312161,207.93236714156066,2.6470178603684786,4.4430974709710105,6.233250717150628,10.462694986668852,881.6352243143202,542.4309458348733,6803.789486100569,9071.320503035715,True,1,1
15,minutely0015 25-09-26 10-44-27.bmp,2025-09-26 10:44:27,324.31474784827753,212.29769323430548,2.870470865015916,5.249434463049968,6.759442331616807,12.361473498666344,818.0291247032561,494.1502510471523,6804.620490675444,9071.543297496917,True,1,1
16,minutely0016 25-09-26 10-45-27.bmp,2025-09-26 10:45:27,328.86407817726246,210.24231157318314,2.708384682724904,4.027586621020098,6.377758540535392,9.484241708276596,905.4343929435353,621.2946706290401,6803.989193927355,9071.724205592105,True,1,1
17,minutely0017 25-09-26 10-46-27.bmp,2025-09-26 10:46:27,326.28309805097473,208.94695894163792,2.8580960946915335,4.584781348837425,6.730301974404298,10.796335022326403,781.6256836093345,539.4789870541758,6805.55513969401,9072.823172228442,True,1,1
18,minutely0018 25-09-26 10-47-27.bmp,2025-09-26 10:47:27,326.80808855523276,205.46124478135204,2.955862064318577,4.750521666215466,6.960523239403946,11.186623643958004,795.1407411989541,508.98284391133114,6802.963446108474,9070.264871234816,True,1,1
19,minutely0019 25-09-26 10-48-27.bmp,2025-09-26 10:48:27,327.92286957132796,205.8523450362645,2.992714163203277,5.5497402969660365,7.047303300559101,13.068639696011637,772.0405812187937,475.307391765132,6804.828817871142,9071.395696367827,True,1,1
20,minutely0020 25-09-26 10-49-27.bmp,2025-09-26 10:49:27,328.3229248391602,208.53577479876554,2.827244374986636,4.525992758306254,6.657651726419528,10.657898470924483,830.3898557543333,524.2116351076668,6803.983048557934,9071.847559864815,True,1,1
21,minutely0021 25-09-26 10-50-27.bmp,2025-09-26 10:50:27,326.4342954876999,205.50932447505215,2.6447942316993958,3.884087379986068,6.228014471787966,9.146326819042935,890.7979039015845,630.097545778093,6807.819439127654,9076.61540301949,True,1,1
22,minutely0022 25-09-26 10-51-27.bmp,2025-09-26 10:51:27,326.14266373213576,209.6262024598509,2.8327985237245756,5.200839356694169,6.670730747200712,12.247040768129295,826.7989774787957,502.9347905917175,6803.245450385538,9069.565531042153,True,1,1
23,minutely0023 25-09-26 10-52-27.bmp,2025-09-26 10:52:27,327.43136204132554,203.39109735796436,2.7437706063761604,4.404727153047352,6.461086022861306,10.372339792888011,863.3362081538203,567.7579471655225,6805.809855761961,9073.723701603245,True,1,1
24,minutely0024 25-09-26 10-53-27.bmp,2025-09-26 10:53:27,329.82447937435114,200.5927327603925,3.656904518464082,4.794653060170981,8.611352062843471,11.29054513505961,647.8461506734038,487.97390165444955,6806.592997013845,9075.61110030987,True,1,1
25,minutely0025 25-09-26 10-54-27.bmp,2025-09-26 10:54:27,327.2098106415836,207.60779268067978,2.712835708932733,5.03481665013202,6.388239906270546,11.856087170786457,907.3725145845589,509.971467420917,6802.9262543066825,9070.014477222705,True,1,1
26,minutely0026 25-09-26 10-55-27.bmp,2025-09-26 10:55:27,326.5326219234612,202.31586836953645,2.6913527059401385,4.79691746519809,6.337651300196124,11.295877401407514,874.4216718224852,518.8257882112841,6804.632747403625,9072.13665119328,True,1,1
27,minutely0027 25-09-26 10-56-27.bmp,2025-09-26 10:56:27,329.8342010188708,200.89963653582984,2.928854909859178,5.965204725701082,6.896926250723706,14.046983660794254,797.0340591943997,442.2015300930117,6804.513334656478,9071.099914881315,True,1,1
28,minutely0028 25-09-26 10-57-27.bmp,2025-09-26 10:57:27,325.773292166109,205.09254969533305,2.977087807533118,4.66073585972816,7.0105060449962275,10.975194227082426,792.3382020865788,555.9585542578475,6803.262834098453,9069.803927177438,True,1,1
29,minutely0029 25-09-26 10-58-27.bmp,2025-09-26 10:58:27,329.7474817715407,199.5780807117743,2.8243908772443715,5.050423673119717,6.650932252737594,11.892838901361143,821.0571986998991,532.3784077068268,6807.334629629399,9074.515285481632,True,1,1
30,minutely0030 25-09-26 10-59-27.bmp,2025-09-26 10:59:27,326.6779073788517,203.90923127929466,2.56641600443052,4.353044128627536,6.043447851121226,10.250635570996403,846.8602733485219,539.8634465035715,6808.617351153557,9077.233957718465,True,1,1
31,minutely0031 25-09-26 11-00-28.bmp,2025-09-26 11:00:28,327.9597568319949,200.78520462131254,2.657881720009801,4.802226658393904,6.258833151600416,11.308379595967958,899.4303526684647,522.0436280375084,6812.777665390571,9083.09573652367,True,1,1
32,minutely0032 25-09-26 11-01-28.bmp,2025-09-26 11:01:28,328.7391348051779,199.4903864673423,2.9322129346316257,5.591255871673694,6.904833794769577,13.16640140351421,796.1422921889546,461.0157405660383,6805.495905857379,9072.724525337619,True,1,1
33,minutely0033 25-09-26 11-02-28.bmp,2025-09-26 11:02:28,327.50097006555677,196.783711842217,2.9065244232573453,5.084797236734832,6.844341973258416,11.973782457981164,812.1893244344681,525.1346864099853,6807.177707353437,9074.620401350354,True,1,1
34,minutely0034 25-09-26 11-03-28.bmp,2025-09-26 11:03:28,328.765566345807,198.56856550632736,2.8014595317047446,6.3086247166424725,6.596933060601349,14.855675939327387,823.1705764363292,402.43357638962345,6804.589870360395,9071.571179377826,True,1,1
35,minutely0035 25-09-26 11-04-28.bmp,2025-09-26 11:04:28,331.8356322244996,187.0520624365775,3.2467778443552278,6.593237007084424,7.645577549650066,15.525886665922265,741.1827221008658,397.98449045603627,6803.124859764432,9069.697067058049,True,1,1
36,minutely0036 25-09-26 11-05-28.bmp,2025-09-26 11:05:28,322.22836373212374,194.65941797208734,2.69124532510342,7.156282571492503,6.337398437649368,16.851757647256175,848.8985841859591,381.69663984473596,6805.614642523509,9071.818900286858,True,1,1
37,minutely0037 25-09-26 11-06-28.bmp,2025-09-26 11:06:28,319.93084925482697,191.6720846647518,3.068484029746136,4.7086890364134755,7.225727701103545,11.088115328763918,747.8917186347152,527.3988029266116,6809.694616126704,9078.608640036862,True,1,1
38,minutely0038 25-09-26 11-07-28.bmp,2025-09-26 11:07:28,322.4346637956543,183.4998365282922,2.751453798075177,7.120013208145251,6.479178556683966,16.766349823425553,832.7867575277463,392.92580562792534,6802.122463163113,9066.852842039325,True,1,1
39,minutely0039 25-09-26 11-08-28.bmp,2025-09-26 11:08:28,320.7435823505664,189.64624681349758,3.1847003971182692,5.2001892465724895,7.499396332552125,12.245509875783288,759.911054763236,498.5214218170992,6806.219900609521,9074.060005161105,True,1,1
40,minutely0040 25-09-26 11-09-28.bmp,2025-09-26 11:09:28,322.599638082616,181.51257535905282,2.538462227131949,5.610971179686113,5.977621736004219,13.212827406015812,888.7189801274222,452.6183175861034,6805.329840379464,9072.291866261407,True,1,1
41,minutely0041 25-09-26 11-10-28.bmp,2025-09-26 11:10:28,317.44548363239414,180.36180018708632,2.9305805657633126,5.53556921739852,6.900989859837589,13.03526935378632,764.7676803560013,486.8428147933745,6806.553299013343,9073.034910142973,True,1,1
42,minutely0042 25-09-26 11-11-28.bmp,2025-09-26 11:11:28,320.30315261349125,183.4012557828545,2.8198307827119473,4.780192578932267,6.6401940507254045,11.25649330397789,796.0252508454985,506.62111532205876,6802.752313334728,9069.411628647043,True,1,1
43,minutely0043 25-09-26 11-12-28.bmp,2025-09-26 11:12:28,314.2051492679385,185.46152435751276,2.742923562953309,6.332651657631885,6.4590913880301635,14.912255061590033,852.3644872347768,426.70732304404834,6802.258713583652,9067.776285530164,True,1,1
44,minutely0044 25-09-26 11-13-28.bmp,2025-09-26 11:13:28,316.85727988886265,183.289433465815,3.037732120641653,5.373975483506462,7.153312489121339,12.654745190065904,742.2971772671639,461.50422014294276,6806.324693681045,9073.92350045845,True,1,1
45,minutely0045 25-09-26 11-14-28.bmp,2025-09-26 11:14:28,313.8944162381081,187.88288820793016,2.7742162507175383,6.171809214817383,6.532780036440265,14.533500053158699,783.9572784815097,416.6788395241053,6806.716276295005,9073.549580333056,True,1,1
46,minutely0046 25-09-26 11-15-28.bmp,2025-09-26 11:15:28,310.53962592815725,185.1016708889275,3.0483708321156784,4.879708209961879,7.1783647401536745,11.490834706720324,777.1161435796464,505.48482160899454,6805.913988373425,9074.041884347102,True,1,1
47,minutely0047 25-09-26 11-16-28.bmp,2025-09-26 11:16:28,311.61794564052246,186.24418954702915,2.649331936342415,7.059242142620011,6.238699949639777,16.62324490016883,869.7483093566858,379.724533489847,6803.592338832791,9069.491278934975,True,1,1
48,minutely0048 25-09-26 11-17-28.bmp,2025-09-26 11:17:28,312.7110512410802,178.2286890709641,3.5016195748509555,6.220649353662303,8.24568396493178,14.64850979111281,679.1483770742685,423.38045288886036,6802.424904755039,9068.565186980732,True,1,1
49,minutely0049 25-09-26 11-18-28.bmp,2025-09-26 11:18:28,310.02091450471494,179.8006690712395,3.0131246904363747,4.474922616329647,7.095366419217249,10.537637476895393,766.828432561674,535.6385328384504,6802.556735676892,9069.62449989239,True,1,1
50,minutely0050 25-09-26 11-19-28.bmp,2025-09-26 11:19:28,313.1878897509479,184.27250243506103,3.6940394496743405,6.194153807234905,8.698798143228235,14.586117547281525,616.2713634540173,420.4944142581888,6801.805599543805,9067.360871365358,True,1,1
51,minutely0051 25-09-26 11-20-28.bmp,2025-09-26 11:20:28,311.6518235044828,176.8535924024136,3.114977076415396,5.978758512715293,7.335210459354878,14.0789003901414,723.8766383869074,453.0788778937498,6807.413916151289,9074.181087515855,True,1,1
52,minutely0052 25-09-26 11-21-28.bmp,2025-09-26 11:21:28,313.2865210196644,187.14791949270023,3.802285937217631,7.452762544912315,8.953699141899367,17.54991463161539,602.9014516632296,335.13618925236153,6804.963743811043,9072.21295525945,True,1,1
53,minutely0053 25-09-26 11-22-28.bmp,2025-09-26 11:22:28,310.0394575998814,183.6168207686028,3.173807103016474,5.023582249058924,7.4737445852448,11.829632177945612,713.1122971865319,498.5473018680209,6807.34186901015,9075.196179351642,True,1,1
54,minutely0054 25-09-26 11-23-28.bmp,2025-09-26 11:23:28,309.675895374485,179.95874932451946,3.432202988521654,6.0351543160953085,8.082220395985921,14.211702358396282,665.2679832736479,447.17479851942693,6806.6648883259395,9073.383728181738,True,1,1
55,minutely0055 25-09-26 11-24-28.bmp,2025-09-26 11:24:28,309.3605883563777,180.42828693654243,3.2544550499599976,5.418468714152207,7.663655987298002,12.759518741458692,721.6146191049436,481.32283013366936,6810.272309208125,9079.007565628153,True,1,1
56,minutely0056 25-09-26 11-25-28.bmp,2025-09-26 11:25:28,310.52317844713343,173.44079378085388,4.612533011147654,7.411942520569464,10.86168519301746,17.45379082005419,507.0765695073988,352.379901693352,6807.390982092122,9075.096123333871,True,1,1
57,minutely0057 25-09-26 11-26-28.bmp,2025-09-26 11:26:28,309.9599866573579,175.85502235773433,2.9156425302278364,5.314018002608577,6.865813474325265,12.513556112198005,791.7177801351078,487.85896921032935,6803.384038181263,9069.694974776216,True,1,1
58,minutely0058 25-09-26 11-27-28.bmp,2025-09-26 11:27:28,313.69556231192877,175.01420616824285,3.409828396467492,7.400414933046032,8.029532258117388,17.426645425883166,648.7381295461445,308.8296016439362,6808.100192885024,9077.08371521498,True,1,1
59,minutely0059 25-09-26 11-28-28.bmp,2025-09-26 11:28:28,311.55174139552673,172.53094732225318,3.434744295804918,4.654517486352998,8.088204717317133,10.960551076811107,709.3424709150593,535.2223893285958,6801.854415296699,9068.853088964132,True,1,1
60,minutely0060 25-09-26 11-29-28.bmp,2025-09-26 11:29:28,310.159172628762,179.43808960300007,3.2512057836630532,7.217637575176335,7.656004549890314,16.996237639793808,715.1065281799168,328.6654493103579,6804.147177086125,9071.949596342272,True,1,1
61,minutely0061 25-09-26 11-30-28.bmp,2025-09-26 11:30:28,311.81115828678094,174.79933412317607,2.8713292520908427,6.627956502032621,6.76146367870724,15.60764482857963,750.191823170929,356.79297580190115,6802.89781728424,9069.429801227698,True,1,1
62,minutely0062 25-09-26 11-31-28.bmp,2025-09-26 11:31:28,309.25175662280594,177.43603898521116,3.3552691315234298,7.4659458763967095,7.901055007384957,17.58095900485513,649.4391204959912,364.3331252255016,6807.748357997988,9074.17237915788,True,1,1
63,minutely0063 25-09-26 11-32-28.bmp,2025-09-26 11:32:28,312.9838752841041,178.8402553799188,3.6703854227302375,7.196361507853795,8.643097166434558,16.946136329983265,590.871149346569,371.1339011420295,6801.673145254677,9066.275547522295,True,1,1
64,minutely0064 25-09-26 11-33-29.bmp,2025-09-26 11:33:29,310.1286590954809,174.6447349447459,2.98732077021362,5.213038235926085,7.034602830636326,12.275766933471523,759.3820489969333,457.9430021356726,6805.963545657299,9073.997896954743,True,1,1
65,minutely0065 25-09-26 11-34-29.bmp,2025-09-26 11:34:29,307.32407966936705,179.01116730283923,3.271420904859925,5.8295799336820595,7.703607522497438,13.727611681944706,677.5091408675868,408.02514652411406,6806.311351655414,9074.234783055892,True,1,1
66,minutely0066 25-09-26 11-35-29.bmp,2025-09-26 11:35:29,306.87665571196857,173.72307824576401,3.3607944073953075,8.165014987020506,7.914066037762381,19.227140959414005,679.7793867904531,333.9950916218397,6807.48806273111,9074.340076825183,True,1,1
67,minutely0067 25-09-26 11-36-29.bmp,2025-09-26 11:36:29,310.1679110682817,177.1183270486941,4.151934827503033,8.159781942662244,9.777059357466259,19.21481808166263,547.5365529882521,305.90859203398907,6806.897799206667,9074.70017984451,True,1,1
68,minutely0068 25-09-26 11-37-29.bmp,2025-09-26 11:37:29,310.90509557125904,173.14177216613854,3.1229648910373036,7.278370368326657,7.354020325342537,17.139252438494907,719.6594146501274,346.4369893544877,6804.992852233568,9071.892802144219,True,1,1
69,minutely0069 25-09-26 11-38-29.bmp,2025-09-26 11:38:29,310.80812736388896,172.57154750632554,3.1490918043015927,6.824497784745598,7.41554450441207,16.070464180788242,726.3818440372311,400.0989913964282,6808.108172530676,9075.163989502307,True,1,1
70,minutely0070 25-09-26 11-39-29.bmp,2025-09-26 11:39:29,307.50456361942116,174.18919072187362,2.8055696334434335,7.666494263431096,6.60661161056273,18.053214366642326,756.0679731469509,336.64823204155675,6806.345213636185,9072.726278454831,True,1,1
71,minutely0071 25-09-26 11-40-29.bmp,2025-09-26 11:40:29,306.37160985324283,179.79666502328274,3.0574498655641427,6.2346873177360465,7.199744230107624,14.681566670305086,710.2590844147878,423.7812773675904,6811.772894226838,9079.906516159708,True,1,1
72,minutely0072 25-09-26 11-41-29.bmp,2025-09-26 11:41:29,307.3294701196713,172.48155596097084,3.725161632559356,6.4718363084280215,8.772085283330988,15.240009867245407,614.7310145792171,379.85226607566,6802.373266341135,9068.951773365949,True,1,1
73,minutely0073 25-09-26 11-42-29.bmp,2025-09-26 11:42:29,307.9161196282847,177.98029248294088,4.174120666466851,7.107692032908943,9.829303015774085,16.737335673000757,549.3668350163349,371.6701321413911,6802.503112335572,9068.183745588442,True,1,1
74,minutely0074 25-09-26 11-43-29.bmp,2025-09-26 11:43:29,308.37857379931296,184.49398466144117,3.9751642931361846,7.83835891403058,9.360796559768373,18.457924690906232,580.5894318801077,343.79273419841365,6805.435713130107,9071.894190021472,True,1,1
75,minutely0075 25-09-26 11-44-29.bmp,2025-09-26 11:44:29,308.05843429833334,181.69051842610665,2.9957698806141018,5.666184646970757,7.054498965170061,13.342845185533353,773.4405325815459,419.4854651052603,6805.145339573841,9073.214666901724,True,1,1
76,minutely0076 25-09-26 11-45-29.bmp,2025-09-26 11:45:29,308.6963309377676,186.8178660730193,3.9250507517192204,7.644171106993123,9.242788187912216,18.000647350393827,584.5089261059379,328.5805949621597,6801.806601925436,9067.93965804395,True,1,1
77,minutely0077 25-09-26 11-46-29.bmp,2025-09-26 11:46:29,306.66920269144856,178.48722285081126,3.191020456594942,6.633516999130639,7.514278935293581,15.620738798606379,687.8499010643903,381.457684091738,6805.576708672189,9072.350443104311,True,1,1
78,minutely0078 25-09-26 11-47-29.bmp,2025-09-26 11:47:29,305.94138336415,183.91975926754614,3.1954727919010257,6.912491681648464,7.524763383719547,16.2776739730555,650.4538120067677,344.83329189351275,6806.924928803733,9074.306369387848,True,1,1
79,minutely0079 25-09-26 11-48-29.bmp,2025-09-26 11:48:29,306.0154436133707,184.12309822001478,3.7460055809490718,6.152018749925074,8.82116903081668,14.486897069729807,619.5332931479333,417.6708091611097,6806.611998952414,9074.183691457247,True,1,1
80,minutely0080 25-09-26 11-49-29.bmp,2025-09-26 11:49:29,306.1730931769685,190.47794955975743,3.0996540269703687,6.569192084568128,7.299127435370727,15.469265200399674,736.7838036503757,409.2766056783444,6815.836602032291,9085.6679948122,True,1,1
81,minutely0081 25-09-26 11-50-29.bmp,2025-09-26 11:50:29,306.20733890579896,186.91031749914166,2.858309867593013,6.708385517432692,6.730805371117786,15.79704068624582,794.4838501197551,406.07965795526314,6802.744914695391,9067.959575870103,True,1,1
82,minutely0082 25-09-26 11-51-29.bmp,2025-09-26 11:51:29,306.2980452530517,193.02495303083194,5.488155595969236,8.432624822074379,12.923618807637132,19.85731396324629,440.3626717683006,327.85263995889386,6807.82661526915,9075.285477725001,True,1,1
83,minutely0083 25-09-26 11-52-29.bmp,2025-09-26 11:52:29,303.0645938945278,199.95203210149475,2.9268336431091115,6.4193199792432205,6.892166531264295,15.116343362589593,785.8598260371714,409.56291183212153,6804.803987480189,9071.353718827822,True,1,1
84,minutely0084 25-09-26 11-53-29.bmp,2025-09-26 11:53:29,304.1051590892803,193.54773397513173,3.059344047785522,7.456849700452124,7.20420468837147,17.55953914740769,771.7120670679741,352.98377638303293,6804.706280139192,9071.525387477204,True,1,1
85,minutely0085 25-09-26 11-54-29.bmp,2025-09-26 11:54:29,305.58639270247585,195.16356466868623,3.9521522586853104,7.097622406765572,9.306607359766511,16.713623515512378,563.7360131566816,361.7137508275636,6805.064540631979,9071.647321087547,True,1,1
86,minutely0086 25-09-26 11-55-29.bmp,2025-09-26 11:55:29,304.2369124236909,192.9663109948431,3.4118422467325757,7.9998111208784515,8.034274513089299,18.838115583906085,652.5977599316958,328.7456424820316,6805.041937853109,9071.282938855547,True,1,1
87,minutely0087 25-09-26 11-56-29.bmp,2025-09-26 11:56:29,305.89177351933364,196.4124585321268,4.267017321292455,7.338457193167713,10.04805792067374,17.28074609807289,554.5815992722771,352.05700809872775,6805.47233056853,9072.829140144651,True,1,1
88,minutely0088 25-09-26 11-57-29.bmp,2025-09-26 11:57:29,304.88972644987683,194.2384984117494,2.832102523544439,8.164916983066053,6.66909179202518,19.226910177737565,800.7808042342073,321.2115713539863,6804.301928809142,9070.549899402575,True,1,1
89,minutely0089 25-09-26 11-58-29.bmp,2025-09-26 11:58:29,304.5064097168109,196.56498888007192,3.0820919880258515,5.4797619759651965,7.257771994032564,12.903853343001249,707.6409853270142,437.65753362182,6810.562511100618,9079.615533115837,True,1,1
90,minutely0090 25-09-26 11-59-29.bmp,2025-09-26 11:59:29,305.03606992938717,192.3850789261741,3.8067519332935205,6.2026671189368185,8.9642157589799,14.606164864326788,610.3999311267304,403.9193240028169,6804.3867116753645,9071.56656437023,True,1,1
91,minutely0091 25-09-26 12-00-29.bmp,2025-09-26 12:00:29,307.2872706277064,200.69572177933367,3.434963311893142,8.219443984742833,8.088720460791867,19.355311454281484,656.3852806684744,360.13958028114075,6807.403761094478,9072.854190758584,True,1,1
92,minutely0092 25-09-26 12-01-29.bmp,2025-09-26 12:01:29,305.03242851535106,197.19653841903687,3.4541519401698055,8.02791326856648,8.133906227294402,18.904291084590273,671.9863091359371,332.83125325608887,6803.5543090505735,9069.573830317902,True,1,1
93,minutely0093 25-09-26 12-02-29.bmp,2025-09-26 12:02:29,302.3946001665597,193.28958022183997,3.422703145878046,7.71336707343864,8.059849976104111,18.16359139921502,641.7333224828284,348.5898458767766,6805.2707571670135,9071.12327976106,True,1,1
94,minutely0094 25-09-26 12-03-29.bmp,2025-09-26 12:03:29,305.77723078234857,203.88048011458574,4.3651481643860395,6.77170503057132,10.2791383970263,15.94614674502626,540.4235125949225,363.5658469235074,6810.627799919691,9080.299541166945,True,1,1
95,minutely0095 25-09-26 12-04-29.bmp,2025-09-26 12:04:29,306.1311815896947,195.71923649130883,3.3402503805125745,6.07503798693145,7.865688551453267,14.305621225950645,663.2494397522128,398.88342537516445,6805.240261887772,9072.568454680211,True,1,1
96,minutely0096 25-09-26 12-05-29.bmp,2025-09-26 12:05:29,304.4386378099659,202.5010438142088,3.5046894492479166,5.9617908704843074,8.252912966697473,14.03894464609896,622.6493972606062,417.35132866136706,6806.615709206785,9073.88980089418,True,1,1
97,minutely0097 25-09-26 12-06-29.bmp,2025-09-26 12:06:29,302.5150283783775,200.67465352250179,3.2864116128309404,6.58044229586956,7.73890794211679,15.49575742348312,685.2069362072134,410.94100530795015,6804.0303029549705,9069.678420960629,True,1,1
98,minutely0098 25-09-26 12-07-29.bmp,2025-09-26 12:07:29,304.51644452049277,204.6662064351943,3.7309607331224686,4.30551968832763,8.785741121580156,10.138724066349308,544.665351018688,523.065619152194,6807.412840502175,9075.401873667504,True,1,1
99,minutely0099 25-09-26 12-08-29.bmp,2025-09-26 12:08:29,305.2779847140804,201.13523812687572,3.0126268281891186,6.119283125638157,7.094194043217747,14.409810565472373,728.5532160504108,391.1186284221235,6812.339538213483,9082.082754261572,True,1,1
100,minutely0100 25-09-26 12-09-29.bmp,2025-09-26 12:09:29,306.35021370650384,198.78742802142818,3.6717793044333247,6.735175160643093,8.646379507009389,15.8601254750769,608.469110108218,373.2032711842982,6811.268407226011,9080.232011946242,True,1,1
101,minutely0101 25-09-26 12-10-29.bmp,2025-09-26 12:10:29,303.84442391268584,194.2187037046319,3.3513122819157535,8.16950666997632,7.891737338613628,19.23771806447428,653.0985564618283,327.9480755694159,6807.083827205638,9073.550639003566,True,1,2
102,minutely0102 25-09-26 12-11-29.bmp,2025-09-26 12:11:29,302.03637313062035,201.10519144782364,3.0217890384923,6.651918699648267,7.115769399696467,15.664071491847945,742.6256534429389,359.4892977734354,6806.290594715861,9074.285241433845,True,1,1
103,minutely0103 25-09-26 12-12-29.bmp,2025-09-26 12:12:29,303.361093758956,199.30708440258837,3.6280804844136747,6.412216130407828,8.543476649682917,15.099615076955141,620.5518810398285,397.38695753692554,6804.171166557727,9070.678713829344,True,1,1
104,minutely0104 25-09-26 12-13-29.bmp,2025-09-26 12:13:29,303.8132778404856,203.16277614359595,4.366037431623502,7.9496612550547185,10.281232461342464,18.720021674608745,516.4908850599214,328.8096995665198,6803.5945418344545,9069.585124702315,True,1,1
105,minutely0105 25-09-26 12-14-29.bmp,2025-09-26 12:14:29,304.21750683043234,199.6827306755015,2.8246828261478276,7.411593701315116,6.651619739867576,17.452969413481963,787.7782567953263,344.4114957588992,6806.272173943207,9073.319760896386,True,1,2
106,minutely0106 25-09-26 12-15-29.bmp,2025-09-26 12:15:29,303.8830236400099,198.3607207681468,3.823323480158211,8.250706947159802,9.003238769714045,19.42893010484801,619.1261993625113,347.32059574713634,6805.814860531147,9071.81646794951,True,1,1
107,minutely0107 25-09-26 12-16-29.bmp,2025-09-26 12:16:29,305.25778407862236,202.6535160531536,3.34527129195417,6.423441996240304,7.877511894360261,15.126049970840283,650.6167786433814,391.45008468025236,6807.080233671599,9074.34206500643,True,1,1
108,minutely0108 25-09-26 12-17-29.bmp,2025-09-26 12:17:29,305.4311726648493,198.91765487329238,3.3563560013563607,5.085338178929386,7.903614390253883,11.975056279504102,641.8612641467613,457.9231097002829,6809.762395849319,9078.772562683936,True,1,1
109,minutely0109 25-09-26 12-18-29.bmp,2025-09-26 12:18:29,301.96926534172223,201.0677369086127,2.788745321573055,6.070728991123785,6.56699338372651,14.2954743162488,845.1270060218347,385.0088171356798,6810.519169107617,9080.794369491112,True,1,1
110,minutely0110 25-09-26 12-19-29.bmp,2025-09-26 12:19:29,304.799878021719,199.86594239852488,3.397345571347409,6.946523263821542,8.000137451306001,16.35781222492078,674.2250219770642,347.0893800796735,6805.588092116857,9073.4882451255,True,1,1
111,minutely0111 25-09-26 12-20-29.bmp,2025-09-26 12:20:29,305.03793833833083,205.68100781933953,3.3031538642906604,6.5501913707680375,7.778332931453087,15.424521938673326,681.2068736518797,349.6907080273052,6805.0918089362685,9073.244718786564,True,1,1
112,minutely0112 25-09-26 12-21-29.bmp,2025-09-26 12:21:29,302.024435410317,193.2066955481725,3.18483646876444,7.170479908070479,7.499716756792088,16.88518982001604,723.2328900258987,368.58948291883826,6805.562947440006,9072.310568738281,True,1,1
113,minutely0113 25-09-26 12-22-29.bmp,2025-09-26 12:22:29,305.2972589580102,202.7781258566008,2.7955583474783032,4.133452684157019,6.5830368336955045,9.73353723583993,824.9229766889353,577.4044192889386,6803.9600212768355,9071.526033017837,True,1,1
114,minutely0114 25-09-26 12-23-29.bmp,2025-09-26 12:23:29,304.348500218036,206.6214407740971,3.768103614538839,6.003853743713933,8.873205923269632,14.137995143131679,597.5270067385164,395.1819423101274,6801.989401508306,9068.686952496691,True,1,1
115,minutely0115 25-09-26 12-24-29.bmp,2025-09-26 12:24:29,304.90997358549566,202.26207693874767,3.440778859527845,6.2277481340538365,8.102415028934898,14.665226141474067,694.2937758714618,405.9719744703063,6805.513886359938,9073.290653680211,True,1,1
116,minutely0116 25-09-26 12-25-29.bmp,2025-09-26 12:25:29,303.08328678793487,194.64581306171343,3.4353749948332255,7.056218511176062,8.089689900031374,16.616124792235833,665.7336199810502,354.50966031396064,6803.8050457180125,9070.620156900131,True,1,1
117,minutely0117 25-09-26 12-26-29.bmp,2025-09-26 12:26:29,302.8449775250367,204.42410398501508,2.92336011044226,7.120050510548896,6.883986986913324,16.766437663873383,758.2940245988077,357.10338334248695,6806.213110004633,9073.24929512954,True,1,1
118,minutely0118 25-09-26 12-27-29.bmp,2025-09-26 12:27:29,305.0519259024232,202.13393439951702,3.070441976803857,5.5983091449475015,7.230338314082176,13.18301059280245,723.6466913270477,442.1133524485017,6805.9382571727465,9073.26224246141,True,1,1
119,minutely0119 25-09-26 12-28-29.bmp,2025-09-26 12:28:29,303.75079474341965,201.9243320626049,4.004874906011391,6.716836782813437,9.430759706517064,15.816941895370274,556.8504377515496,393.18121782091856,6807.196761428171,9074.116999995987,True,1,1
120,minutely0120 25-09-26 12-29-29.bmp,2025-09-26 12:29:29,305.6870489897807,200.56469369370933,3.264477675129995,8.750384871021984,7.687257465952143,20.605581696018124,721.6400081353771,329.8904538014613,6805.109282839687,9070.706656823904,True,1,1
121,minutely0121 25-09-26 12-30-29.bmp,2025-09-26 12:30:29,307.4513037834399,204.7078325576953,2.8722938124400503,5.477865247772308,6.763735044752196,12.899386889432659,753.4537318459186,423.9600815989646,6805.5457878862935,9073.234616717009,True,1,1
122,minutely0122 25-09-26 12-31-29.bmp,2025-09-26 12:31:29,305.9794052286213,198.08879145315856,3.280150557260034,6.9329321371451496,7.724164282955367,16.325807567388658,707.9078036289917,395.7268673252683,6805.382028767043,9071.64155462441,True,1,1
123,minutely0123 25-09-26 12-32-29.bmp,2025-09-26 12:32:29,305.68289838536907,197.57884232754915,3.6191526231499003,7.614606624160932,8.522453143019726,17.93102831359961,617.6236681931142,335.61932886406305,6807.4765596683055,9074.962578760877,True,1,1
124,minutely0124 25-09-26 12-33-29.bmp,2025-09-26 12:33:29,305.2175239886037,196.78493367730087,3.372950353098145,7.428932433894483,7.9426911023697295,17.493799008515285,682.6720155278236,349.3103356244848,6804.537797764921,9071.190192499835,True,1,1
125,minutely0125 25-09-26 12-34-29.bmp,2025-09-26 12:34:29,306.1618181805482,197.79005611546015,2.9742210448447737,5.783082231381081,7.003755334753367,13.618117960518479,754.8162553779321,429.0367281452604,6805.102568136103,9072.236807338666,True,1,1
126,minutely0126 25-09-26 12-35-29.bmp,2025-09-26 12:35:29,305.70233858972983,200.14819909993446,3.031987980826085,6.235982236563162,7.1397860735421785,14.684615971115864,755.5550397910847,409.7452524034243,6802.943330039512,9069.210736211968,True,1,1
127,minutely0127 25-09-26 12-36-29.bmp,2025-09-26 12:36:29,306.2078162912141,204.79081083414087,3.7969874423754644,8.497468431670004,8.94122214003654,20.01000899491423,612.4742039242085,307.97443807241683,6808.227645960516,9076.114887736554,True,1,1
128,minutely0128 25-09-26 12-37-30.bmp,2025-09-26 12:37:30,305.44963917441993,195.58210602720428,3.5409494366873555,7.020826669232645,8.338298711952433,16.532783373396907,623.6357460229146,331.6000504186517,6803.957353777347,9071.31729682523,True,1,1
129,minutely0129 25-09-26 12-38-29.bmp,2025-09-26 12:38:29,306.7562991283295,198.80864530629228,3.9877013462312774,6.745120643610975,9.390319063702314,15.883545297727183,572.3427197765889,363.41571815505057,6804.2578788937435,9071.4615522228,True,1,1
130,minutely0130 25-09-26 12-39-29.bmp,2025-09-26 12:39:29,305.94368574136166,193.52838793379541,3.2517771288837984,7.092385777721747,7.657349965068757,16.701292196471588,647.4012943788096,325.0050957389766,6806.398491122353,9074.154307545674,True,1,1
131,minutely0131 25-09-26 12-40-29.bmp,2025-09-26 12:40:29,305.12131496714443,197.30576355765268,3.032413857347815,8.266505197408453,7.140788936112257,19.46613214120995,726.2732397571283,330.0689529861384,6804.546093053608,9069.980464246562,True,1,1
132,minutely0132 25-09-26 12-41-29.bmp,2025-09-26 12:41:29,304.1167469037434,201.23024068858018,3.1336931729277793,7.555211678904534,7.379283498586972,17.79116390593633,703.0449453213665,329.49392698223903,6806.118092503486,9073.329184732205,True,1,1
133,minutely0133 25-09-26 12-42-29.bmp,2025-09-26 12:42:29,304.2868626313402,199.68754688945128,3.4576931093946524,8.546919400482967,8.142245043567918,20.126457127521196,629.0594174888727,321.99209809704445,6806.438823189728,9072.238869674373,True,1,1
134,minutely0134 25-09-26 12-43-29.bmp,2025-09-26 12:43:29,305.62791044914485,194.02798409917872,4.158704090808839,7.526118499194266,9.792999754388862,17.7226547031809,545.5371381496105,337.0751634350406,6809.011161606021,9077.281283087545,True,1,1
135,minutely0135 25-09-26 12-44-29.bmp,2025-09-26 12:44:29,306.98013670643206,199.6455721091766,3.942513895956506,7.491629043609171,9.283910750011442,17.641438241826915,552.7455557779733,322.7688334055111,6803.04771567234,9069.482940597982,True,1,1
136,minutely0136 25-09-26 12-45-29.bmp,2025-09-26 12:45:29,305.69039664447536,193.3354849588628,3.4981110071564347,7.609148875167522,8.237421919395375,17.91817629686918,590.4156899217002,343.873114923779,6804.571814531823,9069.883754710474,True,1,1
137,minutely0137 25-09-26 12-46-29.bmp,2025-09-26 12:46:29,304.6361625488088,202.10059594713505,3.305455952632867,7.851212731918246,7.7837539352267475,18.488193118923288,701.5457534257743,330.1315133108757,6805.909856306212,9073.120808551063,True,1,2
138,minutely0138 25-09-26 12-47-29.bmp,2025-09-26 12:47:29,305.8559059674803,194.4370367177076,3.7968281630930534,6.1001417986823325,8.94084706598956,14.364736185068306,622.7583779183308,392.0187360621092,6804.0813453560395,9071.96817634185,True,1,1
139,minutely0139 25-09-26 12-48-29.bmp,2025-09-26 12:48:29,304.78284707252516,193.61323739841828,3.9441186267836668,7.242493446583756,9.28768960233012,17.054768744020716,587.3469892542356,365.77707676632355,6804.908171342336,9071.474157457928,True,1,1
140,minutely0140 25-09-26 12-49-29.bmp,2025-09-26 12:49:29,306.1828170039032,197.40006759709155,3.4999111413403785,7.26314918109552,8.24166091145547,17.103409281693857,639.1509732595678,344.8297417983853,6811.3386620389265,9080.387551062182,True,1,1
141,minutely0141 25-09-26 12-50-29.bmp,2025-09-26 12:50:29,306.5896488333069,198.6796013763444,3.993836611301323,7.062443704798401,9.404766508870836,16.630784002961914,588.1428658286667,358.31036402433915,6806.0157254083515,9073.739291458507,True,1,1
142,minutely0142 25-09-26 12-51-29.bmp,2025-09-26 12:51:29,309.24523855284934,196.11156504771824,4.427579585597782,6.650707503846725,10.426153159135483,15.661219343696017,505.9740839039324,369.4210174939159,6802.935233995039,9069.448827256336,True,1,1
143,minutely0143 25-09-26 12-52-29.bmp,2025-09-26 12:52:29,305.171084574456,196.72577063601864,3.4748951582141787,6.28164028015905,8.18275277294374,14.79213244739236,674.1699735243056,370.3898896351958,6801.77780812023,9069.120704494668,True,1,1
144,minutely0144 25-09-26 12-53-29.bmp,2025-09-26 12:53:29,307.27796832727773,192.21766352558603,3.8955634993049197,7.795879020951435,9.173351014854134,18.35789218717269,541.9270329620665,308.3853475535926,6805.412857892549,9072.353599125847,True,1,1
145,minutely0145 25-09-26 12-54-29.bmp,2025-09-26 12:54:29,306.35632367630836,198.35417874840613,4.015138819456883,8.50120013973447,9.45492937563897,20.01879649586664,561.0730494602022,304.6455756318173,6802.922035094723,9068.802502520964,True,1,1
146,minutely0146 25-09-26 12-55-29.bmp,2025-09-26 12:55:29,305.02244103721756,199.36915001495555,3.161754381847128,8.131374411546899,7.445362595838055,19.147923457962378,646.7131484461162,314.06814548334194,6804.264963308772,9069.69491347827,True,1,1
147,minutely0147 25-09-26 12-56-29.bmp,2025-09-26 12:56:29,305.4844395673996,194.53236574827415,3.89288189116601,8.300280052724323,9.16703631025571,19.545665847525783,573.348432620442,305.13936143744627,6808.0191586123965,9075.78824354172,True,1,2
148,minutely0148 25-09-26 12-57-29.bmp,2025-09-26 12:57:29,306.4665107769013,186.93075715814965,4.628347448712567,7.613685113074773,10.898925347596208,17.928858320822204,505.1766416048468,331.97827792848744,6804.4565150951075,9071.619377781337,True,1,1
149,minutely0149 25-09-26 12-58-29.bmp,2025-09-26 12:58:29,307.8321288389491,198.00142357661528,4.3119664168298835,7.104273865949047,10.153904951851288,16.729286504926332,533.2370806965537,341.3096677173818,6802.135169757029,9068.85840551796,True,1,1
150,minutely0150 25-09-26 12-59-29.bmp,2025-09-26 12:59:29,307.3577860258096,192.181938074147,3.901433792603816,9.116419372981866,9.187174499184586,21.467527078406178,567.9835252814346,288.9782641933258,6804.375682458832,9070.315459427164,True,1,1
151,minutely0151 25-09-26 13-00-29.bmp,2025-09-26 13:00:29,304.25614300125125,189.7612816862926,3.497689483541443,8.378435641213231,8.236429307137339,19.72970819393065,630.1815752375377,316.2308470299123,6806.423345970731,9072.905497401951,True,1,1
152,minutely0152 25-09-26 13-01-29.bmp,2025-09-26 13:01:29,304.00187517237197,192.8031257234959,3.8584062418674736,8.068454193285262,9.08585236022206,18.999757666762154,595.1449962277351,293.68823129491227,6804.203127338766,9071.888059309847,True,1,1
153,minutely0153 25-09-26 13-02-29.bmp,2025-09-26 13:02:29,306.8488001578647,192.20402108205585,3.6425508838613947,9.269403241070771,8.577551836362014,21.8277765575483,604.4596813823107,280.1678790592035,6806.929637750672,9073.842320464692,True,1,1
154,minutely0154 25-09-26 13-03-29.bmp,2025-09-26 13:03:29,308.1962184983029,192.7615585513582,4.0993754207833,11.075677189264173,9.653291412967697,26.081226657571317,515.3233233794605,258.01020967436114,6804.0433411395825,9068.166592282523,True,1,1
155,minutely0155 25-09-26 13-04-29.bmp,2025-09-26 13:04:29,306.8711881347443,195.50762200085003,3.887927685734604,7.393674990179694,9.155370047998636,17.41077407331915,571.3405857745263,318.99048851753497,6811.254608132414,9080.956431542094,True,1,1
156,minutely0156 25-09-26 13-05-30.bmp,2025-09-26 13:05:30,304.53437936545623,191.72804812397018,4.361916991495878,7.267617979203492,10.271529566335587,17.113932497055703,533.544493908358,333.06400882553135,6803.736534661317,9071.16145990252,True,1,2
157,minutely0157 25-09-26 13-06-30.bmp,2025-09-26 13:06:30,308.10924635361005,193.239971344627,4.005265134408253,7.461516128543137,9.431678624168134,17.570527745815102,549.2977781260262,358.16286932128907,6805.7222017882095,9071.829565167194,True,1,1
158,minutely0158 25-09-26 13-07-30.bmp,2025-09-26 13:07:30,306.3697412059863,196.08736468852317,3.651483256419577,8.735858251682584,8.598585966311706,20.571374121611175,613.5425965742129,319.86663555592,6801.709842360185,9066.053551199906,True,1,1
159,minutely0159 25-09-26 13-08-30.bmp,2025-09-26 13:08:30,307.4384519334976,197.48272550981093,3.5520257997739773,9.165115668000018,8.364381553774852,21.58219809003366,618.7084766464554,282.6292348991904,6804.850409480633,9071.083346861864,True,1,1
160,minutely0160 25-09-26 13-09-30.bmp,2025-09-26 13:09:30,306.1828448711375,188.73552035492784,5.138651615592042,9.162242418184597,12.100599828826812,21.575432103773927,451.7684284254164,271.9446039158727,6804.929548710816,9072.350893492829,True,1,1
161,minutely0161 25-09-26 13-10-30.bmp,2025-09-26 13:10:30,304.40401294707,191.6192751844281,4.028621293180788,8.649424304350035,9.486678175020625,20.367837729861336,594.1510731550678,292.610829813995,6803.261109897799,9070.297784029037,True,1,2
162,minutely0162 25-09-26 13-11-30.bmp,2025-09-26 13:11:30,305.85589856726335,192.49997125640866,4.395939603430838,8.641200301099111,10.351646694904339,20.34847168215566,516.2633415734546,293.3921198174853,6810.620783133119,9079.439677943024,True,1,1
163,minutely0163 25-09-26 13-12-30.bmp,2025-09-26 13:12:30,307.2798944415626,192.44623828559574,3.710097112268762,7.081335357064912,8.73661104898192,16.675270444402848,605.8237227985032,344.8392398480674,6801.990530856748,9068.306267737169,True,1,1
164,minutely0164 25-09-26 13-13-30.bmp,2025-09-26 13:13:30,304.37571076337593,195.52104584479645,5.572175341222044,9.396435014379472,13.12147018793684,22.126913523691456,416.0307407467033,292.4277156227577,6807.723662143249,9074.72154563529,True,1,1
165,minutely0165 25-09-26 13-14-30.bmp,2025-09-26 13:14:30,304.81760219996573,196.27666138354974,3.939426296187074,7.472170322491079,9.276640008183351,17.595616455287367,571.4191784243934,343.3159685066437,6803.564718727864,9069.778558137166,True,1,1
166,minutely0166 25-09-26 13-15-30.bmp,2025-09-26 13:15:30,306.166430971801,194.7516900485929,3.220863150925558,9.445460010439684,7.584553110101048,22.242358567121606,669.9175176251383,278.82193991965266,6802.764713235046,9067.867791779683,True,1,1
167,minutely0167 25-09-26 13-16-30.bmp,2025-09-26 13:16:30,301.79587156959775,197.4354035710842,3.18311286027709,9.57168657717714,7.495657968976291,22.539599416690404,697.922803498808,280.3295533059367,6804.436495645713,9070.171142234594,True,1,1
168,minutely0168 25-09-26 13-17-30.bmp,2025-09-26 13:17:30,303.40765944000685,193.81035585307995,4.4312987423962,8.56019700291878,10.434911104115008,20.157723491887,503.2842593099097,299.0420691623627,6805.7386098992165,9072.59663538688,True,1,1
169,minutely0169 25-09-26 13-18-30.bmp,2025-09-26 13:18:30,304.8973219511644,193.84141676204214,3.5618338015432327,8.959127125423121,8.387477632942792,21.097132140926874,608.7185690190408,290.8083104337693,6808.470692089971,9075.677623320893,True,1,1
170,minutely0170 25-09-26 13-19-30.bmp,2025-09-26 13:19:30,305.7837298374878,198.85914347964533,3.5092507394317867,7.424067161814758,8.263653984253652,17.48234216829742,630.896438588551,333.0135712983621,6805.827172949441,9073.087135438756,True,1,1
171,minutely0171 25-09-26 13-20-30.bmp,2025-09-26 13:20:30,304.26374326588723,197.27262763872275,3.633695442852003,7.250136647201636,8.556698866365508,17.07276710604389,617.3262339227437,350.3634748082695,6805.239363758782,9072.101469367088,True,1,1
172,minutely0172 25-09-26 13-21-30.bmp,2025-09-26 13:21:30,304.35868658644887,192.27420196499827,3.90654124336467,8.805758584149471,9.199201626615253,20.735976825658526,585.3527863148967,313.1511102905925,6800.586064199793,9064.98935336636,True,1,1
173,minutely0173 25-09-26 13-22-30.bmp,2025-09-26 13:22:30,302.2986698948681,201.3012388193098,3.627033045118071,7.337613460698906,8.541010118633677,17.278759259942696,614.5045930798348,342.23158843581115,6804.226805545459,9070.828015717787,True,1,1
174,minutely0174 25-09-26 13-23-30.bmp,2025-09-26 13:23:30,302.00652159914506,197.4998035516717,4.569845431160353,7.948943352572299,10.7611636239895,18.718331143452765,506.71232685663887,311.9409407665656,6807.532279771644,9075.853254900763,True,1,1
175,minutely0175 25-09-26 13-24-30.bmp,2025-09-26 13:24:30,303.86030907310777,204.93626552245283,3.6357397399717186,7.083041721598037,8.561512818201015,16.679288625809583,593.9598410673078,324.56655226797056,6809.898402890685,9079.13638761492,True,1,1
176,minutely0176 25-09-26 13-25-30.bmp,2025-09-26 13:25:30,301.17092677632775,196.80836842398932,3.6582057290264753,8.43558072137405,8.614416179558601,19.86427457416825,604.2445722376405,292.3429845187497,6806.892533021493,9074.521764594392,True,1,1
177,minutely0177 25-09-26 13-26-30.bmp,2025-09-26 13:26:30,304.1288447230913,199.7400671429778,3.9273907075440277,8.677325643146487,9.24829836279296,20.433540361742423,545.1746860454399,300.2568541583625,6803.484411118757,9068.887842222062,True,1,1
178,minutely0178 25-09-26 13-27-30.bmp,2025-09-26 13:27:30,304.91566054276973,199.19622268627296,3.3825475608424034,7.128968445700908,7.965290799542236,16.787437796329627,673.4954975696922,351.5564861807701,6808.714958659508,9077.095417144266,True,1,1
179,minutely0179 25-09-26 13-28-30.bmp,2025-09-26 13:28:30,303.92840908998033,204.3481591444644,3.118426585987651,6.961363485743436,7.34333343364115,16.392758276975165,706.9342037165875,373.3026061403995,6804.817315277213,9071.031327700595,True,1,1
180,minutely0180 25-09-26 13-29-30.bmp,2025-09-26 13:29:30,274.5160764420001,219.0777534770923,2.885625693066811,5.415146605031162,6.7951292244900525,12.751695772308674,800.330276849103,464.74382076957204,6805.593841066261,9073.043081455655,True,1,1
181,minutely0181 25-09-26 13-30-30.bmp,2025-09-26 13:30:30,293.8537245506915,214.3494786321141,3.977310223731479,5.356795003384233,9.365849840149416,12.614288251090825,602.7050709789888,475.60795096556143,6805.630075722298,9073.387035773585,True,1,1
182,minutely0182 25-09-26 13-31-30.bmp,2025-09-26 13:31:30,272.04140513070047,231.27915786307514,2.8768023249427275,4.973890809163764,6.774351780366773,11.71261777921404,806.1962597277599,488.66705575445576,6805.403842299986,9073.290516722025,True,1,1
183,minutely0183 25-09-26 13-32-30.bmp,2025-09-26 13:32:30,283.75166751443305,234.65982619693636,2.653164619756275,5.348258639260037,6.247725229368993,12.594186649739484,879.4007068268133,492.8405191468756,6805.164918497437,9071.972776090739,True,1,1
184,minutely0184 25-09-26 13-33-30.bmp,2025-09-26 13:33:30,293.1237107626475,235.54887607844765,2.584890551334661,5.236729330929347,6.086952084493962,12.331555198873938,900.1048504082139,490.62457202674017,6807.084213855794,9074.845416595444,True,1,1
185,minutely0185 25-09-26 13-34-30.bmp,2025-09-26 13:34:30,259.9664258278493,242.5357766830285,3.1260711228426503,4.040753278232817,7.36133494226228,9.515246816607158,785.5975019755339,597.3467279292202,6804.8392779646365,9073.338904695267,True,1,1
186,minutely0186 25-09-26 13-35-30.bmp,2025-09-26 13:35:30,261.501646667823,247.21998518338089,2.499497521641124,3.1341611874219355,5.8858668664656975,7.380385588499176,955.5871179102221,758.8128905911036,6810.410858383311,9080.601315798676,True,1,1
187,minutely0187 25-09-26 13-36-30.bmp,2025-09-26 13:36:30,282.1811878076619,266.050270441706,2.5501796715330016,4.117250513001091,6.005214208956354,9.695384038428928,953.2133624150823,598.9507531312764,6806.30425657496,9074.88870569497,True,1,1
188,minutely0188 25-09-26 13-37-31.bmp,2025-09-26 13:37:31,284.8066316776288,264.78776809609803,2.5028187083079665,3.2323640386378414,5.893687663402068,7.611635631021583,983.637682657732,787.1648218876326,6810.0000235699235,9079.569014247412,True,1,1
189,minutely0189 25-09-26 13-38-31.bmp,2025-09-26 13:38:31,291.0785478663499,262.22908314527626,2.750107153825068,3.9023750081694675,6.476007451810283,9.189390892465276,897.1517998535207,647.2423136908351,6805.299198972189,9073.426672600765,True,1,1
190,minutely0190 25-09-26 13-39-31.bmp,2025-09-26 13:39:31,281.04411032369364,271.9050615798186,3.033600339639408,3.1531828856138358,7.143582888395574,7.425178264691992,816.2658120669514,703.5397773969197,6807.00472858351,9077.352754042728,True,1,1
191,minutely0191 25-09-26 13-40-31.bmp,2025-09-26 13:40:31,299.60082165764555,243.9357627755429,2.7666614426799274,3.078838881942709,6.514989823036938,7.250111514619367,866.2798987370086,749.8231764015111,6803.352118759608,9071.596325390348,True,1,1
192,minutely0192 25-09-26 13-41-31.bmp,2025-09-26 13:41:31,281.8652038317939,273.1584030047195,3.5403510239710827,2.75503917253913,8.336889557692952,6.487621468340624,711.3827406500236,855.9455412367374,6807.162413840839,9077.054084789668,True,1,1
193,minutely0193 25-09-26 13-42-31.bmp,2025-09-26 13:42:31,287.6202815541168,277.09602401290806,3.2240217810573317,2.652506137566636,7.591991115650187,6.246174622309535,796.8761390825189,905.0918182568541,6805.872040498215,9075.375381420132,True,1,1
194,minutely0194 25-09-26 13-43-31.bmp,2025-09-26 13:43:31,288.3454267151705,281.6105393432206,3.744253233623275,3.4798632692927858,8.817042568208038,8.194451780497584,666.5930977235907,720.0425341666127,6805.143317388906,9073.473474889965,True,1,1
195,minutely0195 25-09-26 13-44-31.bmp,2025-09-26 13:44:31,287.9052339004141,278.87515060972834,3.9919278604821704,2.97541866500605,9.400271744180925,7.0065755147154745,590.9580107448899,849.3053255112958,6806.933920502054,9075.03469332939,True,1,1
196,minutely0196 25-09-26 13-45-31.bmp,2025-09-26 13:45:31,290.4013528952762,265.6550192074574,3.5861634998282947,3.3493665491063225,8.444769694154012,7.887155487991706,676.4449911923946,717.1912591585093,6805.081742195508,9073.566118639557,True,1,1
197,minutely0197 25-09-26 13-46-31.bmp,2025-09-26 13:46:31,291.83717439357997,274.8996674157231,3.304170588552167,2.5605292856502877,7.780727134124352,6.029585687738075,752.9296372797922,898.1619363643688,6804.214047215155,9073.26735758239,True,1,1
198,minutely0198 25-09-26 13-47-31.bmp,2025-09-26 13:47:31,286.5374260680386,276.1814776134429,5.4517379128638215,3.2859526833356627,12.837861717466918,7.737827245742054,479.27315690021635,693.9747614639309,6804.1367219824915,9073.918676072464,True,1,1
