runname,filename,number of frames,start time,stop time,notes,frame rate,x position,x position std,y position,y position std,FWHM x,FWHM x std,FWHM y,FWHM y std,total frames,good frames,frame interval (s),x position (px),x pos std (px),y position (px),y pos std (px),x position (as),x pos std (as),y position (as),y pos std (as),FWHM x (px),FWHM x std (px),FWHM y (px),FWHM y std (px)
lasersimultaneous,lasersimultaneous,994.0,25-11-17 16-54-29,25-11-18 09-27-53,laser and dot overnight test,0.0166666666666666,-0.608409271056246,0.7623129395711121,-7.4497060241132464,0.9388231759501504,60.47981488658503,0.3914680673425514,59.90959450991254,0.4822870755858897,,,,,,,,,,,,,,,
lasermirror,lasermirror,2726.0,25-11-18 16-40-57,25-11-20 14-06-59,"laser and dot weekday test, accelerometers on mirror again, pumps on -> off midday 11-19",0.0166666666666666,1.551432143292694,0.6497569293628525,-7.118281816624352,1.2190398097308142,66.77214825332311,0.2384840785299967,59.53339575091925,0.167361524773047,,,,,,,,,,,,,,,
pumpsoff,pumpsoff,5600.0,25-11-20 16-19-13,25-11-24 13-39-54,pumps off,0.0166666666666666,0.5853522628143597,1.7020618953125106,-2.612993033165218,2.165676982954568,65.33022749552659,0.8646478440463106,58.61297419998616,0.6082320017820663,,,,,,,,,,,,,,,
prethanksgiving,prethanksgiving,1083.0,25-11-24 17-18-27,25-11-25 11-20-37,"prethanksgiving, pumps turned back on",0.0166666666666666,-2.4776321727351043,1.3059032971726907,1.055548158838138,1.268973854562382,61.61762308105274,0.3993586143612714,58.4642695780362,0.4733452009457332,,,,,,,,,,,,,,,
thanksgiving,thanksgiving,8557.0,25-11-25 14-17-25,25-12-01 12-55-43,"thanksgiving break, pumps on",0.0166666666666666,0.5413351171490123,2.61599627121134,1.5403425412792062,4.827099212901586,62.766534474938,0.997391612200898,59.01709661131874,0.9276804861894282,,,,,,,,,,,,,,,
snowday,snowday,2449.0,25-12-01 16-31-28,25-12-03 09-20-22,"snowday, pumps off",0.0166666666666666,-0.2798478237080691,0.8507571193331989,0.0900383938457117,1.0047736405244136,63.7187234540975,0.1986829645287625,59.54583823504878,0.315433991122846,,,,,,,,,,,,,,,
lowhumidity,lowhumidity,7156.0,25-12-05 10-32-56,25-12-10 09-52-01,low average humidity due to snow outside,0.0166666666666666,0.300523856867351,5.400994529255007,-2.4154913296845204,2.99780826233704,64.2993006878159,1.0666370617324663,60.74339009353713,0.4018335232991573,,,,,,,,,,,,,,,
frosty,frosty,6865.0,25-12-10 15-58-34,25-12-15 10-24-46,continued snow outside testing,0.0166666666666666,0.2299056927568321,0.8265105559267084,-0.3007030902443787,1.5933885217081467,58.9230062013717,0.3788232322688856,58.24055192646059,0.3893821214222324,,,,,,,,,,,,,,,
warming,warming,5191.0,25-12-17 08-45-55,25-12-21 14-29-32,"warming weather, increased humidity",0.0166666666666666,2.0936962958543885,2.447044201389848,-15.479764208052966,4.313686232706341,58.53487986134674,0.9002315582362703,57.696069619416924,0.873403913846647,,,,,,,,,,,,,,,
realwinterbreak,realwinterbreak,18530.0,25-12-23 13-18-45,25-12-30 11-59-27,winter break,0.0166666666666666,-0.0705069640914271,1.2312873648278737,-3.881204646981481,2.629792849150609,57.46073014572806,0.9023003053271608,56.88059612724209,0.8719372986471475,,,,,,,,,,,,,,,
postwinterbreak,postwinterbreak,11069.0,26-01-05 17-13-28,26-01-12 15-53-31,warm temperatures after winter break,0.0166666666666666,2.300442123311534,2.056314789569317,-9.928511753036554,4.790333150341489,56.83266972218829,0.8981350124345355,56.13348983940816,0.8182848033386007,,,,,,,,,,,,,,,
newsecondary,newsecondary,3999.0,26-01-30 16-37-16,26-02-02 11-16-02,replaced secondary foam and recollimated. Very cold outside.,0.0166666666666666,4.468223853822907,1.2418119224973168,14.603384719262683,2.6823868672909943,1.278733734336029,0.1933669972762569,2.8207140448986703,0.5367952501452098,,,,,,,,,,,,,,,
replacedprimary,replacedprimary,5711.0,26-02-06 16-32-41,26-02-10 15-44-18,"primary was taken out for measurement. Replaced, with new aluminum brackets.",0.0166666666666666,8.289773927385093,2.504740317215698,-15.358604149911685,7.784398668480468,1.3924532947772392,0.3328900027894123,2.85459646111171,0.6800583447890813,,,,,,,,,,,,,,,
allmetal,allmetal,3922.0,26-02-13 16-36-54,26-02-16 09-58-52,LED holder and secondary are now metal. poorly collimated.,0.0166666666666666,-4.718437561776436,3.22389252680805,5.928937269134922,4.138323675278865,1.5031934372747526,0.0863207404608464,2.241870152366514,0.4395459651198815,,,,,,,,,,,,,,,
morewarming,morewarming,3083.0,26-02-17 11-42-12,26-02-19 15-05-05,temperatures expected to rise,0.0166666666666666,-1.475002561499989,0.8539092108736472,3.38545732851124,5.888921761563345,1.7105867875683185,0.1866459434762437,2.5194065211653798,0.6480536075321133,,,,,,,,,,,,,,,
hotandcold,hotandcold,15806.0,26-02-19 16-18-51,26-02-26 15-00-05,temperatures expected to fluctuate,0.0166666666666666,-5.017721030734821,5.357484094801354,20.9898754288416,13.102400803873056,1.561254127722598,0.124229548527375,2.675284090420916,0.5475148949870863,,,,,,,,,,,,,,,
genieshots,genieshots,2550.0,26-03-02 17-17-24,26-03-04 11-55-32,attempt to use a laser on the secondary picked up by a genie to determine secondary only drift,0.0166666666666666,2.3019620880585667,0.6385092022490173,30.54409268179648,9.054322857157269,64.28087030387476,1.1507770353104962,88.55983195532501,8.597482655947358,,,,,,,,,,,,,,,
secondarylaser,secondarylaser,2572.0,26-03-02 17-04-30,26-03-04 11-56-24,secondary has laser pointed at it,0.0166666666666666,-5.594971719071963,3.923867187108528,6.590598921994396,1.9339770472505504,1.8220575926002065,0.1452926865107636,2.315257128579302,0.3596925448619223,,,,,,,,,,,,,,,
springbreak,springbreak,14174.0,26-03-06 16-44-47,26-03-13 16-25-34,spring break data,0.0166666666666666,-1.2225731506931157,4.304729440599657,22.552671198000308,18.97332032638792,2.075310603323749,0.4251220296771338,2.057045245975188,0.3838589740065672,,,,,,,,,,,,,,,
springgenie,springgenie,14150.0,26-03-06 16-41-08,26-03-13 16-41-00,spring break data,0.0166666666666666,-0.0925827996853772,0.1320064040132478,0.4286468455296924,0.2806034260955261,59.72019865923132,0.4309284286691324,74.24810701989456,0.5118334960718545,,,,,,,,,,,,,,,
statictest,statictest,5660.0,26-03-20 13-23-22,26-03-24 11-43-39,static test of laser stand,0.0166666666666666,5.8285118547547246,3.324691319224737,28.520321875480896,11.647082109506815,2.192256145861482,0.2057836303558838,2.572640487807516,0.4599050805337181,,,,,,,,,,,,,,,
statictestgenie,statictestgenie,5676.0,26-03-20 13-18-07,26-03-24 12-07-05,static test of laser stand,0.0166666666666666,6.499924195823772,0.3621720404976388,-9.871284021768592,1.9991420242883768,43.114961892149545,0.7470142327142043,54.332354691513416,0.8508593976208881,,,,,,,,,,,,,,,
zoeystatic,zoeystatic,7285.0,26-04-15 12-34-46,26-04-20 14-01-47,static test of zoey laser stand,0.0166666666666666,10.36018875108347,10.327905053757055,-0.4451627927933984,17.719645990956245,2.272708477810841,0.1870694808197829,2.573393378526159,0.2496129431965693,,,,,,,,,,,,,,,
zoeystaticgenie,zoeystaticgenie,7269.0,26-04-15 12-34-46,26-04-20 14-00-49,static test of zoey laser stand,0.0166666666666666,-1.758884253962825,0.3163893210703344,1.4058279622312972,0.4842317553569339,41.33812818474182,1.1097005081924591,55.10920638988398,1.3603568986327117,,,,,,,,,,,,,,,
zoeysecondary,zoeysecondary,10156.0,26-04-20 15-16-47,26-04-27 13-58-07,secondary test with zoey laser stand,0.0166666666666666,27.71386506147093,22.8443870255948,7.730518256381588,26.86247625089001,2.1932840618451217,1.2014860314106928,2.42430884789462,1.044246852015647,,,,,,,,,,,,,,,
zoeysecondarygenie,zoeysecondarygenie,10131.0,26-04-20 15-16-01,26-04-27 14-23-04,secondary test with zoey laser stand,0.0166666666666666,0.3134896667468643,0.2533924660636261,-4.733713133002625,2.581772587304831,27.881385855268785,1.3195351210489128,32.61390164950057,1.6430862207665806,,,,,,,,,,,,,,,
newprimary,newprimary,,26-05-29 17-21-48,26-06-04 10-56-53,primary test with bridget new primary holder,,,,,,,,,,8244.0,8244.0,60.0,6.92593594742399,1.235072530186929,11.531703715251412,3.3475812857528404,1.0388903921135983,0.1852608795280393,1.7297555572877117,0.502137192862926,134.5521966545828,3.556516963135176,168.59930547263951,5.1951604848745205
newprimaryagain,newprimaryagain,,26-06-04 16-14-25,26-06-09 15-46-50,second primary test,,,,,,,,,,7163.0,7163.0,60.0,1.5212550513364178,0.5172054274088536,-7.302078434185402,2.2316209553327395,0.2281882577004626,0.077580814111328,-1.0953117651278104,0.3347431432999109,135.05622370206396,2.228099219378908,168.78164903472913,3.2005556634177985
bridgetstaticgenie,bridgetstaticgenie,,26-06-24 15-48-10,26-06-28 19-18-01,second primary test,,,,,,,,,,5959.0,5959.0,60.0,9.31634761328582,3.253622552055367,-1.7566780010053262,6.420796052285205,1.3974521419928727,0.488043382808305,-0.2635017001507989,0.9631194078427808,270.1431515396376,4.441550837065641,467.5447626441416,14.08125515051284
postspie,postspie,5757.0,26-08-14 13-59-30,26-08-18 13-57-17,post SPIE laser off primary and secondary,0.0166666666666666,3.654820202144714,1.0783050481851262,3.98797618989343,2.778456594406898,2.9865912973559614,0.3267506017349291,2.679710369856749,0.3455935258769377,,,,,,,,,,,,,,,
postspiegenie,postspiegenie,5742.0,26-08-14 14-02-16,26-08-18 13-57-06,post SPIE laser off primary and secondary,0.0166666666666666,-3.2672853810753133,1.158068625017795,-1.2980991434194165,1.2885387159838873,63.63399211228291,1.921862883746199,51.9467370769643,2.0593749809323336,,,,,,,,,,,,,,,
genieshots,genieshots,,26-07-01 16-45-43,26-07-02 09-47-18,second primary test,,,,,,,,,,1021.0,1021.0,60.0,-2.03457920351587,0.5983743158976074,0.4146156320445685,1.3377884924105912,-0.3051868805273804,0.0897561473846411,0.0621923448066852,0.2006682738615886,351.91877803604984,6.684543697427412,580.9711138008538,6.330868606471528
genieshots,genieshots,,26-07-02 15-50-20,26-07-07 09-28-37,second primary test,,,,,,,,,,6808.0,6808.0,60.0,4.049825501154716,5.355113033731475,21.329291197924476,21.04234946506002,0.6074738251732074,0.8032669550597212,3.199393679688671,3.156352419759003,345.4436520148583,4.8939111343367,631.2971350401604,10.00399737706813
genieshots,genieshots,,26-07-07 18-28-09,26-07-09 09-05-44,second primary test,,,,,,,,,,2314.0,2314.0,60.0,-10.37944956658414,2.169059668557588,-7.055125607530664,2.921195582980152,-1.5569174349876211,0.3253589502836381,-1.0582688411295995,0.4381793374470228,381.6020701676342,4.817220995101925,551.3325567378317,7.738158871708196
genieshots,genieshots,,26-07-10 09-07-38,26-07-14 09-07-00,second primary test,,,,,,,,,,5746.0,5746.0,60.0,0.8202008307188379,1.0524734029468945,9.564837058142754,4.195655377540937,0.1230301246078256,0.1578710104420341,1.434725558721413,0.6293483066311405,192.3197622334913,4.995516268131057,199.02418826701327,4.072414482460264
genieshots,genieshots,,26-07-14 16-13-55,26-07-15 03-29-39,second primary test,,,,,,,,,,675.0,675.0,60.0,30.49145550622213,1.7612508041186907,-10.226959597250868,1.149777410953199,4.57371832593332,0.2641876206178036,-1.5340439395876302,0.1724666116429798,189.4899819075208,4.736406950270265,198.6086205791128,4.565761163863109
genieshots,genieshots,,26-07-15 16-18-20,26-07-16 15-33-35,second primary test,,,,,,,,,,1392.0,1392.0,60.0,2.6931133324311256,1.24022792633879,43.81189742263379,14.849351279910996,0.4039669998646688,0.1860341889508184,6.571784613395068,2.2274026919866494,290.3471713374881,4.178062195583667,417.2055671887324,5.9954900429796805
genieshots,genieshots,,26-07-28 15-36-00,26-07-29 13-43-59,second primary test,,,,,,,,,,1325.0,1325.0,60.0,-7.438655514933385,2.39951456594351,-5.560880396113717,2.566109132634661,-1.1157983272400076,0.3599271848915265,-0.8341320594170575,0.384916369895199,444.4143962189926,3.337021840016939,561.4187999063644,5.250037889407787
